"","Algorithm","Precision","Recall","F1","Rand","adjRand","BCubed.Precision","BCubed.Recall","BCubed.FScore"
"1","MeanVar BinSeg",0.666666666666667,0.5,0.571428571428572,0.977206312098188,0.951994664874863,0.915254237288,0.967796610169,0.940792384323
"2","MeanVar SegNeigh",0.8,1,0.888888888888889,0.988895382817066,0.976482511811553,1,0.967796610169,0.983634797588
"3","MeanVar PELT",0.5,1,0.666666666666667,0.848042080654588,0.655026412355337,1,0.704264625478,0.826473324564
"4","Var BinSeg",0.666666666666667,0.5,0.571428571428572,0.977206312098188,0.951994664874863,0.915254237288,0.967796610169,0.940792384323
"5","Var SegNeigh",0.666666666666667,0.5,0.571428571428572,0.977206312098188,0.951994664874863,0.915254237288,0.967796610169,0.940792384323
"6","Var PELT",0.666666666666667,0.5,0.571428571428572,0.977206312098188,0.951994664874863,0.915254237288,0.967796610169,0.940792384323
"7","Mean BinSeg",0.666666666666667,1,0.8,0.978375219170076,0.953972035832407,1,0.937288135593,0.967629046369
"8","Mean SegNeigh",0.8,1,0.888888888888889,0.988895382817066,0.976482511811553,1,0.967796610169,0.983634797588
"9","Mean PELT",0.0689655172413793,1,0.129032258064516,0.613091759205143,0.00184705730988793,1,0.0858392564243,0.158106747231
