"","precision.ranks","recall.ranks","f1.ranks","rand.ranks","adjrand.ranks","bcubedrecall.ranks","bcubedprecision.ranks","bcubedfscore.ranks"
"precision.ranks",1,-0.111111111111111,0.944444444444445,0.222222222222222,0.222222222222222,0.222222222222222,0.222222222222222,0.722222222222222
"recall.ranks",-0.111111111111111,1,-0.0555555555555556,0.111111111111111,0.111111111111111,-0.111111111111111,-0.111111111111111,0.0555555555555556
"f1.ranks",0.944444444444445,-0.0555555555555556,1,0.277777777777778,0.277777777777778,0.166666666666667,0.166666666666667,0.777777777777778
"rand.ranks",0.222222222222222,0.111111111111111,0.277777777777778,1,1,-0.333333333333333,-0.333333333333333,0.277777777777778
"adjrand.ranks",0.222222222222222,0.111111111111111,0.277777777777778,1,1,-0.333333333333333,-0.333333333333333,0.277777777777778
"bcubedrecall.ranks",0.222222222222222,-0.111111111111111,0.166666666666667,-0.333333333333333,-0.333333333333333,1,1,0.166666666666667
"bcubedprecision.ranks",0.222222222222222,-0.111111111111111,0.166666666666667,-0.333333333333333,-0.333333333333333,1,1,0.166666666666667
"bcubedfscore.ranks",0.722222222222222,0.0555555555555556,0.777777777777778,0.277777777777778,0.277777777777778,0.166666666666667,0.166666666666667,1
